GeoId,InDegree
1570,0
1663,0
1420,0
1296,0
218,0
362,0
214,0
242,0
1569,0
1054,0
1202,0
1427,0
1024,0
188,0
267,0
579,0
12,0
1429,0
1065,0
1144,0
1540,0
582,0
1524,0
869,0
992,0
23,0
1681,0
369,0
1187,0
523,0
100,0
1685,0
1526,0
820,0
766,0
1284,0
360,0
500,25.412563991365293
614,0
898,0
86,0
1590,0
1181,0
115,0
870,0
727,0
1707,0
629,0
1067,0
316,0
454,0
1541,0
750,0
1549,0
348,0
426,121.95775132721118
895,0
1414,0
374,0
1352,0
18,0
1097,0
911,0
1071,0
346,0
942,0
586,0
1640,0
549,0
1178,0
1680,0
459,5.0265266851183785
69,0
262,0
1008,0
192,0
566,0
728,0
373,0
278,0
698,0
154,0
1489,0
1659,0
1675,0
351,0
1623,0
590,0
883,15.404070143575602
1135,0
1254,0
1206,0
646,0
1450,0
341,0
1638,0
1188,0
593,0
423,387.7910642802801
818,0
827,0
9,0
402,3.94796640812261
1177,0
186,0
570,0
253,0
1484,0
1286,0
1694,0
1642,0
881,0
1561,0
376,0
834,0
799,0
1562,0
269,0
220,0
1081,0
704,0
1141,0
508,268.37645861691834
889,0
645,0
1453,0
800,0
1334,0
1632,0
418,168.07930604959995
1162,0
971,0
298,0
212,0
671,0
190,0
1529,0
546,0
149,0
467,335.6278674189066
74,0
8,0
1195,0
1085,0
1660,0
95,0
1494,0
654,0
1169,0
846,0
44,0
96,0
986,0
886,0
706,0
520,0
1273,0
1746,0
1592,0
1732,0
1383,0
143,0
1091,0
598,0
945,0
879,0
442,70.8955747121336
199,0
917,0
1053,0
1047,0
1015,0
833,0
337,0
291,0
525,0
153,0
1616,0
564,0
588,0
967,0
1113,0
1423,0
761,0
1696,0
168,0
1469,0
1118,0
1161,0
142,0
1557,0
783,0
1150,0
321,0
244,0
1479,0
1747,0
404,21.393431597282202
1126,0
620,0
1362,0
539,0
129,0
191,0
1517,0
416,3.8779720419218005
48,0
1491,0
232,0
1451,0
112,0
451,5.647893762222101
175,0
1720,0
422,0
1244,0
542,0
835,0
311,0
1349,0
448,162.78993145136528
1563,0
251,0
665,0
453,167.23107518907864
836,0
1714,0
720,0
759,0
97,0
541,0
1519,0
456,181.84727196809703
257,0
547,0
287,0
45,0
936,0
571,0
1377,0
913,0
125,0
915,0
592,0
532,0
831,0
152,0
1185,0
489,28.984722672918384
824,0
338,0
1755,0
812,0
902,0
1014,0
1528,0
1766,0
1723,0
900,0
1565,0
832,0
261,0
1405,0
1613,0
358,0
623,0
474,0
842,0
548,0
204,0
80,0
764,0
556,0
222,0
1229,0
1360,0
393,0.0
301,0
1645,0
1335,0
1543,0
108,0
366,0
1385,0
578,0
687,0
1196,0
751,0
814,0
1049,0
850,0
957,0
906,0
1594,0
1075,0
155,0
463,0.3596370525568
1712,0
977,0
1629,0
1729,0
559,0
1400,0
57,0
1417,0
380,0
1090,0
972,0
1261,0
1186,0
632,0
395,0.0
1170,0
1184,0
1243,0
1019,0
1456,0
675,0
1625,0
288,0
233,0
177,0
1750,0
273,0
3,0
314,0
1668,0
660,0
1083,0
71,0
1060,0
575,0
707,0
871,0
1395,0
137,0
1628,0
1164,0
1226,0
1422,0
758,0
557,0
121,0
817,0
1272,0
1620,0
589,0
446,0.7764956717031
297,0
979,0
1441,0
543,0
966,0
354,0
1373,0
1651,0
1227,0
265,0
1413,0
1358,0
1017,0
663,0
305,0
640,0
1219,0
756,0
519,0
652,0
1101,0
567,0
19,0
1105,0
1333,0
1500,0
1337,0
794,0
1726,0
1215,0
159,0
999,0
400,13.629113908120399
1037,0
73,0
829,0
1416,0
1572,0
1415,0
176,0
324,0
537,0
1634,0
600,0
1021,0
148,0
496,60.204558177858914
1686,0
516,0
1457,0
1705,0
345,0
1443,0
1209,0
1736,0
200,0
584,0
1369,0
140,0
285,0
1217,0
1711,0
878,0
1442,0
637,0
1552,0
276,0
1437,0
926,0
322,0
619,0
730,0
1722,0
206,0
522,0
550,0
246,0
941,0
1027,0
1715,0
226,0
1247,0
1220,0
1364,0
126,0
510,0.0826975524748
1465,0
1231,0
1754,0
1466,0
277,0
1455,0
1710,0
1346,0
726,0
1463,0
1,0
583,0
1656,0
648,0
628,0
1589,0
1548,0
618,0
256,0
545,0
1338,0
37,0
1566,0
1687,0
1637,0
141,0
1096,0
158,0
1496,0
1365,0
932,0
1317,0
328,0
435,118.23037514554014
768,0
1502,0
1099,0
916,0
929,0
279,0
1583,0
901,0
536,0
772,0
72,0
471,6.468248428008098
130,0
1257,0
281,0
1059,0
959,0
1222,0
708,0
738,0
1314,0
507,265.47658362921004
1077,0
867,0
52,0
928,0
444,0
1396,0
1505,0
907,0
940,0
1194,0
228,0
1320,0
1725,0
1433,0
1508,0
332,0
904,0
1486,0
1432,0
1724,0
1520,0
1391,0
982,0
1658,0
1199,0
1142,0
805,0
1207,0
240,0
503,3.4929866496693993
754,0
110,0
1230,0
691,0
20,0
1041,0
210,0
1089,0
716,0
412,37.67640034920088
36,0
325,0
268,0
1609,0
118,0
1331,0
252,0
960,0
1006,0
781,0
577,0
397,0.9998767903212
1304,0
748,0
908,0
447,0
1163,0
534,0
1137,0
1279,0
1281,0
1492,0
1439,0
355,0
396,214.7352868070039
1507,0
974,0
458,0
1577,0
785,0
58,0
1546,0
163,0
1618,0
502,123.0913906685376
205,0
792,0
378,0.3815996915928
1274,0
1306,0
905,0
1731,0
613,0
676,0
1535,0
604,0
352,0
1370,0
359,0
1544,0
1156,0
465,90.64059080346722
1764,0
1407,0
1440,0
769,0
978,0
67,0
1310,0
1341,0
39,0
732,0
1074,0
1255,0
272,0
1654,0
544,0
1394,0
1501,0
1550,0
808,0
1610,0
124,0
724,0
1240,0
255,0
793,0
563,0
1112,0
1088,0
1575,0
1340,0
183,0
1332,0
492,0.02027329172071
38,0
715,0
741,0
511,0
949,0
1063,0
981,0
117,0
1741,0
431,2.1815160907119395
441,0
1213,0
551,0
221,0
469,0
611,0
1297,0
807,0
1743,0
1601,0
775,0
1299,0
1748,0
1545,0
294,0
17,0
1264,0
1038,0
506,230.25591095144983
1399,0
1018,0
415,0.11924124622980001
956,0
693,0
1614,0
938,0
1159,0
819,0
1643,0
128,0
970,0
658,0
1183,0
876,0
641,0
330,0
440,119.94168632729941
1733,0
483,0.2881739412534
946,0
1389,0
1052,0
699,0
975,0
1228,0
861,0
580,0
384,0
1379,0
156,0
997,0
1232,0
375,0
428,0
1225,0
518,0
692,0
408,5.023576777098642
1111,0
565,0
98,0
403,210.35812326168403
344,0
219,0
782,0
700,0
1580,0
138,0
1662,0
1140,0
1291,0
958,0
931,0
455,8.18491418268046
424,0
664,0
773,0
146,0
1630,0
1573,0
1248,0
953,0
1301,0
1056,0
225,0
51,0
1504,0
747,0
340,0
891,0
615,0
1269,0
5,0
1312,0
1139,0
531,0
806,0
1597,0
912,0
1057,0
1119,0
99,0
1518,0
1692,0
1700,0
1339,0
1503,0
1153,0
1472,0
460,1.8823883155907999
425,266.62833529856545
874,0
1398,0
673,0
742,0
101,0
849,0
334,0
553,0
1738,0
1539,0
350,0
821,0
1263,0
1803,49.58716735401979
1130,0
802,0
68,0
630,0
1262,0
461,86.7247795117186
1043,0
1431,0
1203,0
488,7.139759849905632
1586,0
144,0
1143,0
1596,0
70,0
581,0
1221,0
825,0
180,0
1462,0
1048,0
1380,0
165,0
890,0
16,0
1193,0
771,0
763,0
1424,0
1576,0
1603,0
1117,0
464,0.7849840049033
1168,0
927,0
562,0
1044,0
127,0
596,0
1388,0
884,0
179,0
387,0.24015583444059
166,0
182,0
1667,0
930,0
1702,0
203,0
473,1.9715861516097002
406,105.927673241095
327,0
234,0
1303,0
223,0
1635,0
1523,0
610,0
178,0
1471,0
1531,0
1155,0
1023,0
1084,0
1351,0
752,0
91,0
1438,0
1689,0
558,0
217,0
1123,0
988,0
661,0
969,0
828,0
576,0
667,0
250,0
432,0
353,0
1482,0
1649,0
457,0
860,0
1223,0
1434,0
470,2.0032870561297
1390,0
1357,0
134,0
866,0
65,0
1765,0
209,0
1092,0
28,0
29,0
1393,0
282,0
1108,0
27,0
405,0.8526691389337
1499,0
1762,0
1599,0
998,0
160,0
472,0.9196825189316
1611,0
1249,0
1002,0
22,0
1100,0
1152,0
892,0
1464,0
1568,0
55,0
123,0
231,0
133,0
885,0
909,0
1109,0
13,0
1000,0
1678,0
776,0
1650,0
187,0
1028,0
840,0
1598,0
87,0
1532,0
1476,0
1103,0
743,0
1672,0
797,0
688,0
609,0
1157,0
42,0
865,0
40,0
304,0
449,182.58022553405314
787,0
1560,0
1372,0
164,0
482,41.9819468466213
1138,0
1171,0
1412,0
1180,0
1740,0
1430,0
1648,0
135,0
657,0
765,0
951,0
962,0
1241,0
1277,0
1197,0
427,1.43518894642294
326,0
1235,0
1125,0
1664,0
1683,0
1460,0
624,0
1759,0
670,0
521,0
642,0
1022,0
1287,0
1347,0
486,10.703528058220597
1581,0
1426,0
674,0
1151,0
90,0
1615,0
498,1.6474739056058996
367,0
434,2.2308344371019997
299,0
484,0.29062629946179996
172,0
681,0
863,0
1403,0
973,0
54,0
1533,0
388,5.006454665436501
1758,0
1095,0
1757,0
211,0
303,0
513,0
854,0
737,0
1730,0
744,0
306,0
1421,0
1404,0
939,0
1134,0
1098,0
493,1.08850615929975
147,0
1727,0
1556,0
79,0
612,0
1045,0
1344,0
896,0
530,0
859,0
1411,0
1459,0
266,0
1631,0
336,0
1436,0
1285,0
1587,0
1073,0
114,0
887,0
1676,0
491,1.2006548044457899
1280,0
1116,0
1627,0
1127,0
401,23.80016024673994
1530,0
791,0
1756,0
560,0
993,0
1690,0
963,0
837,0
394,117.99461347227542
852,0
1454,0
274,0
1192,0
452,0
1212,0
319,0
157,0
1204,0
710,0
229,0
1551,0
984,0
1012,0
725,0
1446,0
103,0
485,0.43065340961254994
11,0
1025,0
167,0
844,0
1641,0
53,0
709,0
296,0
361,0
554,0
1554,0
1665,0
1607,0
309,0
893,0
4,0
201,0
15,0
569,0
555,0
1013,0
697,0
169,0
1480,0
1445,0
733,0
822,0
14,0
93,0
950,0
1336,0
1082,0
1216,0
1410,0
243,0
574,0
49,0
66,0
1242,0
1214,0
880,0
587,0
639,0
857,0
477,8.640991501960588
602,0
1478,0
1070,0
411,9.902759276983401
1386,0
1761,0
85,0
965,0
1481,0
914,0
749,0
1003,0
317,0
1309,0
801,0
1278,0
1717,0
230,0
1322,0
1283,0
703,0
497,174.21409787932689
372,0
1154,0
816,0
198,0
335,0
264,0
1639,0
1110,0
1693,0
1323,0
1072,0
1245,0
207,0
1305,0
882,0
1010,0
208,0
1428,0
888,0
1359,0
1514,0
608,0
494,1.01618596492189
1585,0
1343,0
1734,0
173,0
1602,0
968,0
599,0
342,0
63,0
952,0
843,0
1316,0
745,0
701,0
631,0
1294,0
213,0
784,0
1419,0
1449,0
762,0
1512,0
669,0
1608,0
1201,0
433,0
603,0
1622,0
1173,0
1534,0
647,0
1657,0
736,0
533,0
109,0
811,0
1076,0
1718,0
672,0
32,0
668,0
990,0
721,0
1020,0
1259,0
462,4.062828797689001
504,4.7710131416154
568,0
1315,0
410,4.988196071195398
1749,0
25,0
10,0
1276,0
236,0
1039,0
89,0
247,0
1086,0
83,0
810,0
31,0
78,0
1468,0
315,0
102,0
174,0
1007,0
293,0
50,0
1708,0
271,0
1208,0
1313,0
1233,0
851,0
1234,0
1036,0
1035,0
1046,0
1068,0
760,0
363,0
635,0
466,4.078520673976301
509,1.2546545864549
1211,0
139,0
1682,0
1189,0
994,0
333,0
1699,0
780,0
839,0
1751,0
1406,0
815,0
651,0
254,0
1368,0
1617,0
1704,0
1397,0
561,0
864,0
1728,0
419,0
1121,0
1527,0
686,0
685,0
925,0
1547,0
1452,0
24,0
877,0
1513,0
985,0
1282,0
722,0
1435,0
193,0
385,0
622,0
468,113.63650724586475
1078,0
501,23.2639500027032
1458,0
1356,0
392,152.5148737915987
1804,37.560098966064785
682,0
181,0
1252,0
238,0
1210,0
59,0
1487,0
712,0
390,0
105,0
1559,0
371,0
616,0
924,0
1066,0
976,0
1525,0
487,2.053145360640722
987,0
517,0
705,0
1342,0
1669,0
1402,0
1062,0
757,0
1719,0
1104,0
307,0
414,1.174287597921
1753,0
1355,0
689,0
481,0
633,0
1387,0
1716,0
1735,0
1674,0
1246,0
1366,0
777,0
597,0
1348,0
275,0
856,0
1709,0
92,0
920,0
478,0
391,10.8260871439664
585,0
1136,0
735,0
1647,0
258,0
1633,0
356,0
1265,0
1418,0
1318,0
189,0
377,118.34329031121509
286,0
1251,0
1392,0
1300,0
627,0
365,0
1703,0
903,0
1354,0
595,0
1375,0
420,0
1293,0
723,0
1042,0
194,0
713,0
1584,0
1567,0
803,0
490,13.003165747531716
1564,0
538,0
923,0
379,3.3857446321149003
1148,0
399,92.61128770707617
1493,0
1131,0
357,0
786,0
1655,0
1102,0
43,0
389,0
1055,0
1236,0
943,0
1763,0
1408,0
1176,0
1040,0
740,0
1172,0
1646,0
1745,0
61,0
1595,0
1198,0
479,27.154739509017713
1363,0
540,0
944,0
1147,0
409,0
136,0
875,0
224,0
690,0
161,0
88,0
1695,0
1744,0
382,16.22897991015716
1697,0
1030,0
1016,0
638,0
855,0
1114,0
1087,0
1606,0
1004,0
1051,0
1698,0
197,0
284,0
1238,0
196,0
119,0
1250,0
443,0
1122,0
370,0
1326,0
678,0
1295,0
249,0
528,0
1271,0
1324,0
1239,0
343,0
1515,0
64,0
955,0
1166,0
60,0
789,0
948,0
445,114.56215274736776
1470,0
450,1.4413554733462002
634,0
1593,0
677,0
804,0
650,0
666,0
1571,0
995,0
1302,0
439,0.033024007056053996
770,0
845,0
339,0
1311,0
991,0
1034,0
1011,0
1578,0
1600,0
30,0
1165,0
1256,0
413,1.4680883214277
1298,0
527,0
662,0
184,0
216,0
1448,0
605,0
417,19.576218419133998
383,3.2586183658847
1009,0
202,0
1506,0
1688,0
120,0
1129,0
1307,0
594,0
1684,0
145,0
318,0
1401,0
1760,0
1325,0
809,0
910,0
84,0
1742,0
1605,0
82,0
649,0
921,0
248,0
1591,0
1005,0
1626,0
1661,0
104,0
702,0
1107,0
1378,0
1558,0
739,0
260,0
524,0
679,0
1061,0
1266,0
475,4.799177793734999
1673,0
331,0
964,0
1361,0
1145,0
386,0
398,2.6241025527038
122,0
868,0
788,0
529,0
113,0
643,0
77,0
1094,0
1555,0
438,0
621,0
695,0
1124,0
1120,0
1483,0
46,0
848,0
2,0
1033,0
1237,0
813,0
1146,0
894,0
1079,0
81,0
320,0
734,0
1536,0
132,0
1267,0
151,0
300,0
573,0
1619,0
1636,0
1376,0
1106,0
1670,0
107,0
1495,0
1621,0
935,0
774,0
1133,0
1381,0
75,0
1474,0
1679,0
170,0
310,0
1384,0
185,0
259,0
495,3.3143720626046207
235,0
1292,0
535,0
171,0
1205,0
21,0
1093,0
1175,0
1374,0
934,0
289,0
1409,0
6,0
980,0
1158,0
480,0.6576770641443002
922,0
1737,0
111,0
1200,0
1425,0
625,0
302,0
1706,0
1677,0
626,0
753,0
653,0
862,0
755,0
505,30.329799251285724
1367,0
1270,0
1538,0
1490,0
714,0
1721,0
237,0
1224,0
659,0
1447,0
847,0
1128,0
1542,0
1488,0
1308,0
838,0
1345,0
1382,0
1031,0
116,0
280,0
1701,0
94,0
729,0
215,0
34,0
996,0
1190,0
76,0
1752,0
1691,0
790,0
1253,0
1058,0
263,0
731,0
954,0
853,0
1167,0
195,0
1353,0
421,63.020622489482285
1080,0
1653,0
683,0
323,0
719,0
1032,0
1652,0
711,0
1001,0
150,0
227,0
636,0
607,0
1174,0
292,0
1149,0
515,0
823,0
858,0
933,0
983,0
368,0
1275,0
270,0
1582,0
746,0
1579,0
1713,0
718,0
841,0
239,0
1258,0
62,0
1328,0
1260,0
767,0
349,0
1522,0
1604,0
476,1.3674245577467599
1473,0
35,0
591,0
1064,0
1510,0
778,0
1624,0
1612,0
241,0
47,0
919,0
437,36.10336911859882
617,0
1330,0
1666,0
684,0
680,0
1319,0
1537,0
1371,0
1553,0
1050,0
606,0
1218,0
436,1.920847263964
1029,0
295,0
873,0
1321,0
796,0
56,0
872,0
1069,0
26,0
1588,0
644,0
290,0
826,0
162,0
407,169.40903005254935
1350,0
499,3.194544251385
717,0
131,0
1160,0
947,0
830,0
245,0
795,0
429,0.4343760224747201
572,0
694,0
1574,0
961,0
1671,0
601,0
696,0
779,0
33,0
1509,0
430,0
1444,0
1644,0
1516,0
656,0
329,0
526,0
655,0
364,0
1739,0
308,0
7,0
552,0
897,0
312,0
1289,0
381,1.7282982377031777
798,0
937,0
1132,0
313,0
283,0
41,0
1288,0
